Date,Year,MonthNum,Month,YearMonth,MonthStart,WeekStart,Weekday,IsWeekend
2026-03-01,2026,3,Mar,2026-03,2026-03-01,2026-02-23,Sun,True
2026-03-02,2026,3,Mar,2026-03,2026-03-01,2026-03-02,Mon,False
2026-03-03,2026,3,Mar,2026-03,2026-03-01,2026-03-02,Tue,False
2026-03-04,2026,3,Mar,2026-03,2026-03-01,2026-03-02,Wed,False
2026-03-05,2026,3,Mar,2026-03,2026-03-01,2026-03-02,Thu,False
2026-03-06,2026,3,Mar,2026-03,2026-03-01,2026-03-02,Fri,False
2026-03-07,2026,3,Mar,2026-03,2026-03-01,2026-03-02,Sat,True
2026-03-08,2026,3,Mar,2026-03,2026-03-01,2026-03-02,Sun,True
2026-03-09,2026,3,Mar,2026-03,2026-03-01,2026-03-09,Mon,False
2026-03-10,2026,3,Mar,2026-03,2026-03-01,2026-03-09,Tue,False
2026-03-11,2026,3,Mar,2026-03,2026-03-01,2026-03-09,Wed,False
2026-03-12,2026,3,Mar,2026-03,2026-03-01,2026-03-09,Thu,False
2026-03-13,2026,3,Mar,2026-03,2026-03-01,2026-03-09,Fri,False
2026-03-14,2026,3,Mar,2026-03,2026-03-01,2026-03-09,Sat,True
2026-03-15,2026,3,Mar,2026-03,2026-03-01,2026-03-09,Sun,True
2026-03-16,2026,3,Mar,2026-03,2026-03-01,2026-03-16,Mon,False
2026-03-17,2026,3,Mar,2026-03,2026-03-01,2026-03-16,Tue,False
2026-03-18,2026,3,Mar,2026-03,2026-03-01,2026-03-16,Wed,False
2026-03-19,2026,3,Mar,2026-03,2026-03-01,2026-03-16,Thu,False
2026-03-20,2026,3,Mar,2026-03,2026-03-01,2026-03-16,Fri,False
2026-03-21,2026,3,Mar,2026-03,2026-03-01,2026-03-16,Sat,True
2026-03-22,2026,3,Mar,2026-03,2026-03-01,2026-03-16,Sun,True
2026-03-23,2026,3,Mar,2026-03,2026-03-01,2026-03-23,Mon,False
2026-03-24,2026,3,Mar,2026-03,2026-03-01,2026-03-23,Tue,False
2026-03-25,2026,3,Mar,2026-03,2026-03-01,2026-03-23,Wed,False
2026-03-26,2026,3,Mar,2026-03,2026-03-01,2026-03-23,Thu,False
2026-03-27,2026,3,Mar,2026-03,2026-03-01,2026-03-23,Fri,False
2026-03-28,2026,3,Mar,2026-03,2026-03-01,2026-03-23,Sat,True
2026-03-29,2026,3,Mar,2026-03,2026-03-01,2026-03-23,Sun,True
2026-03-30,2026,3,Mar,2026-03,2026-03-01,2026-03-30,Mon,False
2026-03-31,2026,3,Mar,2026-03,2026-03-01,2026-03-30,Tue,False
2026-04-01,2026,4,Apr,2026-04,2026-04-01,2026-03-30,Wed,False
2026-04-02,2026,4,Apr,2026-04,2026-04-01,2026-03-30,Thu,False
2026-04-03,2026,4,Apr,2026-04,2026-04-01,2026-03-30,Fri,False
2026-04-04,2026,4,Apr,2026-04,2026-04-01,2026-03-30,Sat,True
2026-04-05,2026,4,Apr,2026-04,2026-04-01,2026-03-30,Sun,True
2026-04-06,2026,4,Apr,2026-04,2026-04-01,2026-04-06,Mon,False
2026-04-07,2026,4,Apr,2026-04,2026-04-01,2026-04-06,Tue,False
2026-04-08,2026,4,Apr,2026-04,2026-04-01,2026-04-06,Wed,False
2026-04-09,2026,4,Apr,2026-04,2026-04-01,2026-04-06,Thu,False
2026-04-10,2026,4,Apr,2026-04,2026-04-01,2026-04-06,Fri,False
2026-04-11,2026,4,Apr,2026-04,2026-04-01,2026-04-06,Sat,True
2026-04-12,2026,4,Apr,2026-04,2026-04-01,2026-04-06,Sun,True
2026-04-13,2026,4,Apr,2026-04,2026-04-01,2026-04-13,Mon,False
2026-04-14,2026,4,Apr,2026-04,2026-04-01,2026-04-13,Tue,False
2026-04-15,2026,4,Apr,2026-04,2026-04-01,2026-04-13,Wed,False
2026-04-16,2026,4,Apr,2026-04,2026-04-01,2026-04-13,Thu,False
2026-04-17,2026,4,Apr,2026-04,2026-04-01,2026-04-13,Fri,False
2026-04-18,2026,4,Apr,2026-04,2026-04-01,2026-04-13,Sat,True
2026-04-19,2026,4,Apr,2026-04,2026-04-01,2026-04-13,Sun,True
2026-04-20,2026,4,Apr,2026-04,2026-04-01,2026-04-20,Mon,False
2026-04-21,2026,4,Apr,2026-04,2026-04-01,2026-04-20,Tue,False
2026-04-22,2026,4,Apr,2026-04,2026-04-01,2026-04-20,Wed,False
2026-04-23,2026,4,Apr,2026-04,2026-04-01,2026-04-20,Thu,False
2026-04-24,2026,4,Apr,2026-04,2026-04-01,2026-04-20,Fri,False
2026-04-25,2026,4,Apr,2026-04,2026-04-01,2026-04-20,Sat,True
2026-04-26,2026,4,Apr,2026-04,2026-04-01,2026-04-20,Sun,True
2026-04-27,2026,4,Apr,2026-04,2026-04-01,2026-04-27,Mon,False
2026-04-28,2026,4,Apr,2026-04,2026-04-01,2026-04-27,Tue,False
2026-04-29,2026,4,Apr,2026-04,2026-04-01,2026-04-27,Wed,False
2026-04-30,2026,4,Apr,2026-04,2026-04-01,2026-04-27,Thu,False
2026-05-01,2026,5,May,2026-05,2026-05-01,2026-04-27,Fri,False
2026-05-02,2026,5,May,2026-05,2026-05-01,2026-04-27,Sat,True
2026-05-03,2026,5,May,2026-05,2026-05-01,2026-04-27,Sun,True
2026-05-04,2026,5,May,2026-05,2026-05-01,2026-05-04,Mon,False
2026-05-05,2026,5,May,2026-05,2026-05-01,2026-05-04,Tue,False
2026-05-06,2026,5,May,2026-05,2026-05-01,2026-05-04,Wed,False
2026-05-07,2026,5,May,2026-05,2026-05-01,2026-05-04,Thu,False
2026-05-08,2026,5,May,2026-05,2026-05-01,2026-05-04,Fri,False
2026-05-09,2026,5,May,2026-05,2026-05-01,2026-05-04,Sat,True
2026-05-10,2026,5,May,2026-05,2026-05-01,2026-05-04,Sun,True
2026-05-11,2026,5,May,2026-05,2026-05-01,2026-05-11,Mon,False
2026-05-12,2026,5,May,2026-05,2026-05-01,2026-05-11,Tue,False
2026-05-13,2026,5,May,2026-05,2026-05-01,2026-05-11,Wed,False
2026-05-14,2026,5,May,2026-05,2026-05-01,2026-05-11,Thu,False
2026-05-15,2026,5,May,2026-05,2026-05-01,2026-05-11,Fri,False
2026-05-16,2026,5,May,2026-05,2026-05-01,2026-05-11,Sat,True
2026-05-17,2026,5,May,2026-05,2026-05-01,2026-05-11,Sun,True
2026-05-18,2026,5,May,2026-05,2026-05-01,2026-05-18,Mon,False
2026-05-19,2026,5,May,2026-05,2026-05-01,2026-05-18,Tue,False
2026-05-20,2026,5,May,2026-05,2026-05-01,2026-05-18,Wed,False
2026-05-21,2026,5,May,2026-05,2026-05-01,2026-05-18,Thu,False
2026-05-22,2026,5,May,2026-05,2026-05-01,2026-05-18,Fri,False
2026-05-23,2026,5,May,2026-05,2026-05-01,2026-05-18,Sat,True
2026-05-24,2026,5,May,2026-05,2026-05-01,2026-05-18,Sun,True
2026-05-25,2026,5,May,2026-05,2026-05-01,2026-05-25,Mon,False
2026-05-26,2026,5,May,2026-05,2026-05-01,2026-05-25,Tue,False
2026-05-27,2026,5,May,2026-05,2026-05-01,2026-05-25,Wed,False
2026-05-28,2026,5,May,2026-05,2026-05-01,2026-05-25,Thu,False
2026-05-29,2026,5,May,2026-05,2026-05-01,2026-05-25,Fri,False
2026-05-30,2026,5,May,2026-05,2026-05-01,2026-05-25,Sat,True
2026-05-31,2026,5,May,2026-05,2026-05-01,2026-05-25,Sun,True
2026-06-01,2026,6,Jun,2026-06,2026-06-01,2026-06-01,Mon,False
2026-06-02,2026,6,Jun,2026-06,2026-06-01,2026-06-01,Tue,False
2026-06-03,2026,6,Jun,2026-06,2026-06-01,2026-06-01,Wed,False
2026-06-04,2026,6,Jun,2026-06,2026-06-01,2026-06-01,Thu,False
2026-06-05,2026,6,Jun,2026-06,2026-06-01,2026-06-01,Fri,False
2026-06-06,2026,6,Jun,2026-06,2026-06-01,2026-06-01,Sat,True
2026-06-07,2026,6,Jun,2026-06,2026-06-01,2026-06-01,Sun,True
2026-06-08,2026,6,Jun,2026-06,2026-06-01,2026-06-08,Mon,False
2026-06-09,2026,6,Jun,2026-06,2026-06-01,2026-06-08,Tue,False
2026-06-10,2026,6,Jun,2026-06,2026-06-01,2026-06-08,Wed,False
2026-06-11,2026,6,Jun,2026-06,2026-06-01,2026-06-08,Thu,False
2026-06-12,2026,6,Jun,2026-06,2026-06-01,2026-06-08,Fri,False
2026-06-13,2026,6,Jun,2026-06,2026-06-01,2026-06-08,Sat,True
2026-06-14,2026,6,Jun,2026-06,2026-06-01,2026-06-08,Sun,True
2026-06-15,2026,6,Jun,2026-06,2026-06-01,2026-06-15,Mon,False
2026-06-16,2026,6,Jun,2026-06,2026-06-01,2026-06-15,Tue,False
2026-06-17,2026,6,Jun,2026-06,2026-06-01,2026-06-15,Wed,False
2026-06-18,2026,6,Jun,2026-06,2026-06-01,2026-06-15,Thu,False
2026-06-19,2026,6,Jun,2026-06,2026-06-01,2026-06-15,Fri,False
2026-06-20,2026,6,Jun,2026-06,2026-06-01,2026-06-15,Sat,True
2026-06-21,2026,6,Jun,2026-06,2026-06-01,2026-06-15,Sun,True
2026-06-22,2026,6,Jun,2026-06,2026-06-01,2026-06-22,Mon,False
2026-06-23,2026,6,Jun,2026-06,2026-06-01,2026-06-22,Tue,False
2026-06-24,2026,6,Jun,2026-06,2026-06-01,2026-06-22,Wed,False
2026-06-25,2026,6,Jun,2026-06,2026-06-01,2026-06-22,Thu,False
2026-06-26,2026,6,Jun,2026-06,2026-06-01,2026-06-22,Fri,False
2026-06-27,2026,6,Jun,2026-06,2026-06-01,2026-06-22,Sat,True
2026-06-28,2026,6,Jun,2026-06,2026-06-01,2026-06-22,Sun,True
2026-06-29,2026,6,Jun,2026-06,2026-06-01,2026-06-29,Mon,False
2026-06-30,2026,6,Jun,2026-06,2026-06-01,2026-06-29,Tue,False
2026-07-01,2026,7,Jul,2026-07,2026-07-01,2026-06-29,Wed,False
2026-07-02,2026,7,Jul,2026-07,2026-07-01,2026-06-29,Thu,False
2026-07-03,2026,7,Jul,2026-07,2026-07-01,2026-06-29,Fri,False
2026-07-04,2026,7,Jul,2026-07,2026-07-01,2026-06-29,Sat,True
2026-07-05,2026,7,Jul,2026-07,2026-07-01,2026-06-29,Sun,True
2026-07-06,2026,7,Jul,2026-07,2026-07-01,2026-07-06,Mon,False
2026-07-07,2026,7,Jul,2026-07,2026-07-01,2026-07-06,Tue,False
2026-07-08,2026,7,Jul,2026-07,2026-07-01,2026-07-06,Wed,False
2026-07-09,2026,7,Jul,2026-07,2026-07-01,2026-07-06,Thu,False
2026-07-10,2026,7,Jul,2026-07,2026-07-01,2026-07-06,Fri,False
2026-07-11,2026,7,Jul,2026-07,2026-07-01,2026-07-06,Sat,True
2026-07-12,2026,7,Jul,2026-07,2026-07-01,2026-07-06,Sun,True
2026-07-13,2026,7,Jul,2026-07,2026-07-01,2026-07-13,Mon,False
2026-07-14,2026,7,Jul,2026-07,2026-07-01,2026-07-13,Tue,False
2026-07-15,2026,7,Jul,2026-07,2026-07-01,2026-07-13,Wed,False
2026-07-16,2026,7,Jul,2026-07,2026-07-01,2026-07-13,Thu,False
2026-07-17,2026,7,Jul,2026-07,2026-07-01,2026-07-13,Fri,False
2026-07-18,2026,7,Jul,2026-07,2026-07-01,2026-07-13,Sat,True
2026-07-19,2026,7,Jul,2026-07,2026-07-01,2026-07-13,Sun,True
2026-07-20,2026,7,Jul,2026-07,2026-07-01,2026-07-20,Mon,False
2026-07-21,2026,7,Jul,2026-07,2026-07-01,2026-07-20,Tue,False
2026-07-22,2026,7,Jul,2026-07,2026-07-01,2026-07-20,Wed,False
2026-07-23,2026,7,Jul,2026-07,2026-07-01,2026-07-20,Thu,False
2026-07-24,2026,7,Jul,2026-07,2026-07-01,2026-07-20,Fri,False
2026-07-25,2026,7,Jul,2026-07,2026-07-01,2026-07-20,Sat,True
2026-07-26,2026,7,Jul,2026-07,2026-07-01,2026-07-20,Sun,True
2026-07-27,2026,7,Jul,2026-07,2026-07-01,2026-07-27,Mon,False
2026-07-28,2026,7,Jul,2026-07,2026-07-01,2026-07-27,Tue,False
2026-07-29,2026,7,Jul,2026-07,2026-07-01,2026-07-27,Wed,False
2026-07-30,2026,7,Jul,2026-07,2026-07-01,2026-07-27,Thu,False
2026-07-31,2026,7,Jul,2026-07,2026-07-01,2026-07-27,Fri,False
2026-08-01,2026,8,Aug,2026-08,2026-08-01,2026-07-27,Sat,True
2026-08-02,2026,8,Aug,2026-08,2026-08-01,2026-07-27,Sun,True
2026-08-03,2026,8,Aug,2026-08,2026-08-01,2026-08-03,Mon,False
2026-08-04,2026,8,Aug,2026-08,2026-08-01,2026-08-03,Tue,False
2026-08-05,2026,8,Aug,2026-08,2026-08-01,2026-08-03,Wed,False
2026-08-06,2026,8,Aug,2026-08,2026-08-01,2026-08-03,Thu,False
2026-08-07,2026,8,Aug,2026-08,2026-08-01,2026-08-03,Fri,False
2026-08-08,2026,8,Aug,2026-08,2026-08-01,2026-08-03,Sat,True
2026-08-09,2026,8,Aug,2026-08,2026-08-01,2026-08-03,Sun,True
2026-08-10,2026,8,Aug,2026-08,2026-08-01,2026-08-10,Mon,False
2026-08-11,2026,8,Aug,2026-08,2026-08-01,2026-08-10,Tue,False
2026-08-12,2026,8,Aug,2026-08,2026-08-01,2026-08-10,Wed,False
2026-08-13,2026,8,Aug,2026-08,2026-08-01,2026-08-10,Thu,False
2026-08-14,2026,8,Aug,2026-08,2026-08-01,2026-08-10,Fri,False
2026-08-15,2026,8,Aug,2026-08,2026-08-01,2026-08-10,Sat,True
2026-08-16,2026,8,Aug,2026-08,2026-08-01,2026-08-10,Sun,True
2026-08-17,2026,8,Aug,2026-08,2026-08-01,2026-08-17,Mon,False
2026-08-18,2026,8,Aug,2026-08,2026-08-01,2026-08-17,Tue,False
2026-08-19,2026,8,Aug,2026-08,2026-08-01,2026-08-17,Wed,False
2026-08-20,2026,8,Aug,2026-08,2026-08-01,2026-08-17,Thu,False
2026-08-21,2026,8,Aug,2026-08,2026-08-01,2026-08-17,Fri,False
2026-08-22,2026,8,Aug,2026-08,2026-08-01,2026-08-17,Sat,True
2026-08-23,2026,8,Aug,2026-08,2026-08-01,2026-08-17,Sun,True
2026-08-24,2026,8,Aug,2026-08,2026-08-01,2026-08-24,Mon,False
2026-08-25,2026,8,Aug,2026-08,2026-08-01,2026-08-24,Tue,False
2026-08-26,2026,8,Aug,2026-08,2026-08-01,2026-08-24,Wed,False
2026-08-27,2026,8,Aug,2026-08,2026-08-01,2026-08-24,Thu,False
2026-08-28,2026,8,Aug,2026-08,2026-08-01,2026-08-24,Fri,False
2026-08-29,2026,8,Aug,2026-08,2026-08-01,2026-08-24,Sat,True
2026-08-30,2026,8,Aug,2026-08,2026-08-01,2026-08-24,Sun,True
2026-08-31,2026,8,Aug,2026-08,2026-08-01,2026-08-31,Mon,False
2026-09-01,2026,9,Sep,2026-09,2026-09-01,2026-08-31,Tue,False
2026-09-02,2026,9,Sep,2026-09,2026-09-01,2026-08-31,Wed,False
2026-09-03,2026,9,Sep,2026-09,2026-09-01,2026-08-31,Thu,False
2026-09-04,2026,9,Sep,2026-09,2026-09-01,2026-08-31,Fri,False
2026-09-05,2026,9,Sep,2026-09,2026-09-01,2026-08-31,Sat,True
2026-09-06,2026,9,Sep,2026-09,2026-09-01,2026-08-31,Sun,True
2026-09-07,2026,9,Sep,2026-09,2026-09-01,2026-09-07,Mon,False
2026-09-08,2026,9,Sep,2026-09,2026-09-01,2026-09-07,Tue,False
2026-09-09,2026,9,Sep,2026-09,2026-09-01,2026-09-07,Wed,False
2026-09-10,2026,9,Sep,2026-09,2026-09-01,2026-09-07,Thu,False
2026-09-11,2026,9,Sep,2026-09,2026-09-01,2026-09-07,Fri,False
2026-09-12,2026,9,Sep,2026-09,2026-09-01,2026-09-07,Sat,True
2026-09-13,2026,9,Sep,2026-09,2026-09-01,2026-09-07,Sun,True
2026-09-14,2026,9,Sep,2026-09,2026-09-01,2026-09-14,Mon,False
2026-09-15,2026,9,Sep,2026-09,2026-09-01,2026-09-14,Tue,False
2026-09-16,2026,9,Sep,2026-09,2026-09-01,2026-09-14,Wed,False
2026-09-17,2026,9,Sep,2026-09,2026-09-01,2026-09-14,Thu,False
2026-09-18,2026,9,Sep,2026-09,2026-09-01,2026-09-14,Fri,False
2026-09-19,2026,9,Sep,2026-09,2026-09-01,2026-09-14,Sat,True
2026-09-20,2026,9,Sep,2026-09,2026-09-01,2026-09-14,Sun,True
2026-09-21,2026,9,Sep,2026-09,2026-09-01,2026-09-21,Mon,False
2026-09-22,2026,9,Sep,2026-09,2026-09-01,2026-09-21,Tue,False
2026-09-23,2026,9,Sep,2026-09,2026-09-01,2026-09-21,Wed,False
2026-09-24,2026,9,Sep,2026-09,2026-09-01,2026-09-21,Thu,False
2026-09-25,2026,9,Sep,2026-09,2026-09-01,2026-09-21,Fri,False
2026-09-26,2026,9,Sep,2026-09,2026-09-01,2026-09-21,Sat,True
2026-09-27,2026,9,Sep,2026-09,2026-09-01,2026-09-21,Sun,True
2026-09-28,2026,9,Sep,2026-09,2026-09-01,2026-09-28,Mon,False
2026-09-29,2026,9,Sep,2026-09,2026-09-01,2026-09-28,Tue,False
2026-09-30,2026,9,Sep,2026-09,2026-09-01,2026-09-28,Wed,False
2026-10-01,2026,10,Oct,2026-10,2026-10-01,2026-09-28,Thu,False
2026-10-02,2026,10,Oct,2026-10,2026-10-01,2026-09-28,Fri,False
2026-10-03,2026,10,Oct,2026-10,2026-10-01,2026-09-28,Sat,True
2026-10-04,2026,10,Oct,2026-10,2026-10-01,2026-09-28,Sun,True
2026-10-05,2026,10,Oct,2026-10,2026-10-01,2026-10-05,Mon,False
2026-10-06,2026,10,Oct,2026-10,2026-10-01,2026-10-05,Tue,False
2026-10-07,2026,10,Oct,2026-10,2026-10-01,2026-10-05,Wed,False
2026-10-08,2026,10,Oct,2026-10,2026-10-01,2026-10-05,Thu,False
2026-10-09,2026,10,Oct,2026-10,2026-10-01,2026-10-05,Fri,False
2026-10-10,2026,10,Oct,2026-10,2026-10-01,2026-10-05,Sat,True
2026-10-11,2026,10,Oct,2026-10,2026-10-01,2026-10-05,Sun,True
2026-10-12,2026,10,Oct,2026-10,2026-10-01,2026-10-12,Mon,False
2026-10-13,2026,10,Oct,2026-10,2026-10-01,2026-10-12,Tue,False
2026-10-14,2026,10,Oct,2026-10,2026-10-01,2026-10-12,Wed,False
2026-10-15,2026,10,Oct,2026-10,2026-10-01,2026-10-12,Thu,False
2026-10-16,2026,10,Oct,2026-10,2026-10-01,2026-10-12,Fri,False
2026-10-17,2026,10,Oct,2026-10,2026-10-01,2026-10-12,Sat,True
2026-10-18,2026,10,Oct,2026-10,2026-10-01,2026-10-12,Sun,True
2026-10-19,2026,10,Oct,2026-10,2026-10-01,2026-10-19,Mon,False
2026-10-20,2026,10,Oct,2026-10,2026-10-01,2026-10-19,Tue,False
2026-10-21,2026,10,Oct,2026-10,2026-10-01,2026-10-19,Wed,False
2026-10-22,2026,10,Oct,2026-10,2026-10-01,2026-10-19,Thu,False
2026-10-23,2026,10,Oct,2026-10,2026-10-01,2026-10-19,Fri,False
2026-10-24,2026,10,Oct,2026-10,2026-10-01,2026-10-19,Sat,True
2026-10-25,2026,10,Oct,2026-10,2026-10-01,2026-10-19,Sun,True
2026-10-26,2026,10,Oct,2026-10,2026-10-01,2026-10-26,Mon,False
2026-10-27,2026,10,Oct,2026-10,2026-10-01,2026-10-26,Tue,False
2026-10-28,2026,10,Oct,2026-10,2026-10-01,2026-10-26,Wed,False
2026-10-29,2026,10,Oct,2026-10,2026-10-01,2026-10-26,Thu,False
2026-10-30,2026,10,Oct,2026-10,2026-10-01,2026-10-26,Fri,False
2026-10-31,2026,10,Oct,2026-10,2026-10-01,2026-10-26,Sat,True
2026-11-01,2026,11,Nov,2026-11,2026-11-01,2026-10-26,Sun,True
2026-11-02,2026,11,Nov,2026-11,2026-11-01,2026-11-02,Mon,False
2026-11-03,2026,11,Nov,2026-11,2026-11-01,2026-11-02,Tue,False
2026-11-04,2026,11,Nov,2026-11,2026-11-01,2026-11-02,Wed,False
2026-11-05,2026,11,Nov,2026-11,2026-11-01,2026-11-02,Thu,False
2026-11-06,2026,11,Nov,2026-11,2026-11-01,2026-11-02,Fri,False
2026-11-07,2026,11,Nov,2026-11,2026-11-01,2026-11-02,Sat,True
2026-11-08,2026,11,Nov,2026-11,2026-11-01,2026-11-02,Sun,True
2026-11-09,2026,11,Nov,2026-11,2026-11-01,2026-11-09,Mon,False
2026-11-10,2026,11,Nov,2026-11,2026-11-01,2026-11-09,Tue,False
2026-11-11,2026,11,Nov,2026-11,2026-11-01,2026-11-09,Wed,False
2026-11-12,2026,11,Nov,2026-11,2026-11-01,2026-11-09,Thu,False
2026-11-13,2026,11,Nov,2026-11,2026-11-01,2026-11-09,Fri,False
2026-11-14,2026,11,Nov,2026-11,2026-11-01,2026-11-09,Sat,True
2026-11-15,2026,11,Nov,2026-11,2026-11-01,2026-11-09,Sun,True
2026-11-16,2026,11,Nov,2026-11,2026-11-01,2026-11-16,Mon,False
2026-11-17,2026,11,Nov,2026-11,2026-11-01,2026-11-16,Tue,False
2026-11-18,2026,11,Nov,2026-11,2026-11-01,2026-11-16,Wed,False
2026-11-19,2026,11,Nov,2026-11,2026-11-01,2026-11-16,Thu,False
2026-11-20,2026,11,Nov,2026-11,2026-11-01,2026-11-16,Fri,False
2026-11-21,2026,11,Nov,2026-11,2026-11-01,2026-11-16,Sat,True
2026-11-22,2026,11,Nov,2026-11,2026-11-01,2026-11-16,Sun,True
2026-11-23,2026,11,Nov,2026-11,2026-11-01,2026-11-23,Mon,False
2026-11-24,2026,11,Nov,2026-11,2026-11-01,2026-11-23,Tue,False
2026-11-25,2026,11,Nov,2026-11,2026-11-01,2026-11-23,Wed,False
2026-11-26,2026,11,Nov,2026-11,2026-11-01,2026-11-23,Thu,False
2026-11-27,2026,11,Nov,2026-11,2026-11-01,2026-11-23,Fri,False
2026-11-28,2026,11,Nov,2026-11,2026-11-01,2026-11-23,Sat,True
2026-11-29,2026,11,Nov,2026-11,2026-11-01,2026-11-23,Sun,True
2026-11-30,2026,11,Nov,2026-11,2026-11-01,2026-11-30,Mon,False
2026-12-01,2026,12,Dec,2026-12,2026-12-01,2026-11-30,Tue,False
2026-12-02,2026,12,Dec,2026-12,2026-12-01,2026-11-30,Wed,False
2026-12-03,2026,12,Dec,2026-12,2026-12-01,2026-11-30,Thu,False
2026-12-04,2026,12,Dec,2026-12,2026-12-01,2026-11-30,Fri,False
2026-12-05,2026,12,Dec,2026-12,2026-12-01,2026-11-30,Sat,True
2026-12-06,2026,12,Dec,2026-12,2026-12-01,2026-11-30,Sun,True
2026-12-07,2026,12,Dec,2026-12,2026-12-01,2026-12-07,Mon,False
2026-12-08,2026,12,Dec,2026-12,2026-12-01,2026-12-07,Tue,False
2026-12-09,2026,12,Dec,2026-12,2026-12-01,2026-12-07,Wed,False
2026-12-10,2026,12,Dec,2026-12,2026-12-01,2026-12-07,Thu,False
2026-12-11,2026,12,Dec,2026-12,2026-12-01,2026-12-07,Fri,False
2026-12-12,2026,12,Dec,2026-12,2026-12-01,2026-12-07,Sat,True
2026-12-13,2026,12,Dec,2026-12,2026-12-01,2026-12-07,Sun,True
2026-12-14,2026,12,Dec,2026-12,2026-12-01,2026-12-14,Mon,False
2026-12-15,2026,12,Dec,2026-12,2026-12-01,2026-12-14,Tue,False
2026-12-16,2026,12,Dec,2026-12,2026-12-01,2026-12-14,Wed,False
2026-12-17,2026,12,Dec,2026-12,2026-12-01,2026-12-14,Thu,False
2026-12-18,2026,12,Dec,2026-12,2026-12-01,2026-12-14,Fri,False
2026-12-19,2026,12,Dec,2026-12,2026-12-01,2026-12-14,Sat,True
2026-12-20,2026,12,Dec,2026-12,2026-12-01,2026-12-14,Sun,True
2026-12-21,2026,12,Dec,2026-12,2026-12-01,2026-12-21,Mon,False
2026-12-22,2026,12,Dec,2026-12,2026-12-01,2026-12-21,Tue,False
2026-12-23,2026,12,Dec,2026-12,2026-12-01,2026-12-21,Wed,False
2026-12-24,2026,12,Dec,2026-12,2026-12-01,2026-12-21,Thu,False
2026-12-25,2026,12,Dec,2026-12,2026-12-01,2026-12-21,Fri,False
2026-12-26,2026,12,Dec,2026-12,2026-12-01,2026-12-21,Sat,True
2026-12-27,2026,12,Dec,2026-12,2026-12-01,2026-12-21,Sun,True
2026-12-28,2026,12,Dec,2026-12,2026-12-01,2026-12-28,Mon,False
2026-12-29,2026,12,Dec,2026-12,2026-12-01,2026-12-28,Tue,False
2026-12-30,2026,12,Dec,2026-12,2026-12-01,2026-12-28,Wed,False
2026-12-31,2026,12,Dec,2026-12,2026-12-01,2026-12-28,Thu,False
